CustomerID,Gender,Age,Location,Monthly Income (kRs),Spending Score (%),Product line,Payment,Rating
1,Male,19,Vasant Kunj,13,39,Health and beauty,Ewallet,9.1
2,Male,21,Vasant Kunj,14,81,Electronic accessories,Cash,9.6
3,Female,20,Vasant Kunj,14,6,Home and lifestyle,Credit card,7.4
4,Female,23,Vasant Kunj,15,77,Health and beauty,Ewallet,8.4
5,Female,31,Vasant Kunj,17,40,Sports and travel,Ewallet,5.3
6,Female,22,Safdarjung Enclave,14,76,Electronic accessories,Ewallet,4.1
7,Female,35,Vasant Kunj,18,70,Electronic accessories,Ewallet,5.8
8,Female,23,Safdarjung Enclave,16,94,Home and lifestyle,Ewallet,8
9,Male,64,Vasant Kunj,19,3,Health and beauty,Credit card,7.2
10,Female,30,Malviya Nagar,19,72,Food and beverages,Credit card,5.9
11,Male,67,Malviya Nagar,19,14,Fashion accessories,Ewallet,4.5
12,Female,35,Malviya Nagar,19,90,Electronic accessories,Cash,6.8
13,Female,58,Vasant Kunj,20,15,Electronic accessories,Ewallet,7.1
14,Female,24,Vasant Kunj,20,77,Food and beverages,Ewallet,8.2
15,Male,37,Vasant Kunj,20,13,Health and beauty,Cash,5.7
16,Male,22,Malviya Nagar,13,79,Sports and travel,Cash,4.5
17,Female,35,Vasant Kunj,21,35,Health and beauty,Credit card,4.6
18,Male,20,Vasant Kunj,15,66,Sports and travel,Credit card,6.9
19,Male,52,Vasant Kunj,23,29,Food and beverages,Credit card,8.6
20,Female,35,Malviya Nagar,23,98,Home and lifestyle,Ewallet,4.4
21,Male,35,Safdarjung Enclave,24,35,Electronic accessories,Ewallet,4.8
22,Male,25,Malviya Nagar,24,73,Health and beauty,Ewallet,5.1
23,Female,46,Malviya Nagar,25,5,Home and lifestyle,Credit card,4.4
24,Male,31,Vasant Kunj,25,73,Electronic accessories,Ewallet,9.9
25,Female,54,Vasant Kunj,28,14,Sports and travel,Ewallet,6
26,Male,29,Vasant Kunj,28,82,Home and lifestyle,Credit card,8.5
27,Female,45,Malviya Nagar,28,32,Fashion accessories,Cash,6.7
28,Male,35,Vasant Kunj,28,61,Fashion accessories,Credit card,7.7
29,Female,40,Malviya Nagar,29,31,Food and beverages,Cash,9.6
30,Female,23,Vasant Kunj,16,87,Health and beauty,Cash,7.4
31,Male,60,Malviya Nagar,30,4,Fashion accessories,Credit card,4.8
32,Female,21,Malviya Nagar,16,73,Sports and travel,Cash,4.5
33,Male,53,Malviya Nagar,33,4,Sports and travel,Cash,5.1
34,Male,18,Vasant Kunj,10,92,Health and beauty,Credit card,5.1
35,Female,49,Safdarjung Enclave,33,14,Food and beverages,Ewallet,7.5
36,Female,21,Safdarjung Enclave,15,81,Sports and travel,Ewallet,6.8
37,Female,42,Vasant Kunj,34,17,Sports and travel,Ewallet,7
38,Female,30,Vasant Kunj,34,73,Electronic accessories,Ewallet,4.7
39,Female,36,Safdarjung Enclave,37,26,Health and beauty,Ewallet,7.6
40,Female,20,Malviya Nagar,13,75,Home and lifestyle,Cash,7.7
41,Female,65,Malviya Nagar,38,35,Home and lifestyle,Ewallet,7.9
42,Male,24,Safdarjung Enclave,23,92,Home and lifestyle,Cash,6.3
43,Male,48,Malviya Nagar,39,36,Sports and travel,Cash,5.6
44,Female,31,Safdarjung Enclave,39,61,Food and beverages,Cash,7.6
45,Female,49,Safdarjung Enclave,39,28,Health and beauty,Cash,7.2
46,Female,24,Malviya Nagar,35,65,Electronic accessories,Cash,9.5
47,Female,50,Malviya Nagar,40,55,Health and beauty,Credit card,8.4
48,Female,27,Malviya Nagar,40,47,Food and beverages,Ewallet,4.1
49,Female,29,Malviya Nagar,40,42,Electronic accessories,Credit card,8.1
50,Female,31,Safdarjung Enclave,40,42,Fashion accessories,Ewallet,7.9
51,Female,49,Safdarjung Enclave,42,52,Food and beverages,Cash,9.5
52,Male,33,Vasant Kunj,42,60,Food and beverages,Cash,8.5
53,Female,31,Malviya Nagar,43,54,Fashion accessories,Ewallet,6.5
54,Male,59,Safdarjung Enclave,43,60,Fashion accessories,Credit card,6.1
55,Female,50,Malviya Nagar,43,45,Home and lifestyle,Ewallet,6.5
56,Male,47,Safdarjung Enclave,43,41,Electronic accessories,Cash,8.2
57,Female,51,Vasant Kunj,44,50,Home and lifestyle,Cash,5.8
58,Male,69,Vasant Kunj,44,46,Health and beauty,Ewallet,6.6
59,Female,27,Vasant Kunj,46,51,Home and lifestyle,Cash,5.4
60,Male,53,Safdarjung Enclave,46,46,Electronic accessories,Cash,9.3
61,Male,70,Safdarjung Enclave,46,56,Sports and travel,Credit card,10
62,Male,19,Safdarjung Enclave,14,55,Home and lifestyle,Ewallet,7
63,Female,67,Malviya Nagar,47,52,Sports and travel,Ewallet,10
64,Female,54,Vasant Kunj,47,59,Sports and travel,Credit card,8.6
65,Male,63,Malviya Nagar,48,51,Health and beauty,Cash,7.6
66,Male,18,Vasant Kunj,12,59,Health and beauty,Cash,5.8
67,Female,43,Safdarjung Enclave,48,50,Health and beauty,Ewallet,6.7
68,Female,68,Malviya Nagar,48,48,Fashion accessories,Ewallet,9.9
69,Male,19,Vasant Kunj,13,59,Sports and travel,Cash,6.4
70,Female,32,Vasant Kunj,48,47,Health and beauty,Cash,4.3
71,Male,70,Safdarjung Enclave,49,55,Food and beverages,Credit card,9.6
72,Female,47,Safdarjung Enclave,49,42,Fashion accessories,Cash,5.9
73,Female,60,Malviya Nagar,50,49,Food and beverages,Ewallet,4
74,Female,60,Safdarjung Enclave,50,56,Electronic accessories,Cash,8.7
75,Male,59,Vasant Kunj,54,47,Home and lifestyle,Ewallet,9.4
76,Male,26,Safdarjung Enclave,39,54,Electronic accessories,Credit card,5.4
77,Female,45,Safdarjung Enclave,54,53,Fashion accessories,Credit card,8.6
78,Male,40,Vasant Kunj,54,48,Fashion accessories,Credit card,5.7
79,Female,23,Safdarjung Enclave,17,52,Food and beverages,Ewallet,6.6
80,Female,49,Safdarjung Enclave,54,42,Health and beauty,Cash,6
81,Male,57,Safdarjung Enclave,54,51,Health and beauty,Credit card,5.5
82,Male,38,Malviya Nagar,54,55,Food and beverages,Ewallet,6.4
83,Male,67,Safdarjung Enclave,54,41,Food and beverages,Ewallet,6.6
84,Female,46,Safdarjung Enclave,54,44,Food and beverages,Credit card,8.3
85,Female,21,Safdarjung Enclave,17,57,Sports and travel,Cash,6.6
86,Male,48,Safdarjung Enclave,54,46,Sports and travel,Ewallet,4
87,Female,55,Safdarjung Enclave,57,58,Fashion accessories,Cash,9.9
88,Female,22,Vasant Kunj,14,55,Food and beverages,Credit card,7.3
89,Female,34,Vasant Kunj,58,60,Sports and travel,Cash,5.7
90,Female,50,Malviya Nagar,58,46,Health and beauty,Cash,6.1
91,Female,68,Safdarjung Enclave,59,55,Home and lifestyle,Cash,7.1
92,Male,18,Safdarjung Enclave,9,41,Sports and travel,Ewallet,8.2
93,Male,48,Vasant Kunj,60,49,Sports and travel,Ewallet,5.1
94,Female,40,Malviya Nagar,60,40,Health and beauty,Credit card,8.6
95,Female,32,Safdarjung Enclave,60,42,Health and beauty,Credit card,6.6
96,Male,24,Vasant Kunj,26,52,Electronic accessories,Ewallet,7.2
97,Female,47,Malviya Nagar,60,47,Health and beauty,Ewallet,5.1
98,Female,27,Safdarjung Enclave,60,50,Electronic accessories,Cash,4.1
99,Male,48,Vasant Kunj,61,42,Food and beverages,Ewallet,9.3
100,Male,20,Malviya Nagar,12,49,Home and lifestyle,Cash,7.4
101,Female,23,Safdarjung Enclave,15,41,Fashion accessories,Cash,4.1
102,Female,49,Safdarjung Enclave,62,48,Fashion accessories,Cash,7.2
103,Male,67,Safdarjung Enclave,62,59,Electronic accessories,Cash,4.9
104,Male,26,Vasant Kunj,38,55,Food and beverages,Cash,9.9
105,Male,49,Malviya Nagar,62,56,Health and beauty,Cash,8
106,Female,21,Vasant Kunj,15,42,Electronic accessories,Ewallet,7.3
107,Female,66,Safdarjung Enclave,63,50,Fashion accessories,Credit card,7.9
108,Male,54,Vasant Kunj,63,46,Sports and travel,Cash,7.4
109,Male,68,Safdarjung Enclave,63,43,Food and beverages,Cash,4.2
110,Male,66,Safdarjung Enclave,63,48,Electronic accessories,Cash,9.2
111,Male,65,Malviya Nagar,63,52,Sports and travel,Ewallet,4.6
112,Female,19,Safdarjung Enclave,12,54,Health and beauty,Credit card,7.8
113,Female,38,Malviya Nagar,64,42,Fashion accessories,Cash,8.4
114,Male,19,Vasant Kunj,15,46,Home and lifestyle,Ewallet,4.3
115,Female,18,Safdarjung Enclave,10,48,Home and lifestyle,Credit card,9.5
116,Female,19,Safdarjung Enclave,11,50,Fashion accessories,Credit card,7.1
117,Female,63,Malviya Nagar,65,43,Fashion accessories,Ewallet,5.3
118,Female,49,Malviya Nagar,65,59,Fashion accessories,Ewallet,5.2
119,Female,51,Vasant Kunj,67,43,Food and beverages,Ewallet,6
120,Female,50,Malviya Nagar,67,57,Home and lifestyle,Ewallet,4.1
121,Male,27,Vasant Kunj,67,56,Electronic accessories,Credit card,5.2
122,Female,38,Safdarjung Enclave,67,40,Sports and travel,Credit card,6.5
123,Female,40,Malviya Nagar,69,58,Sports and travel,Credit card,4.2
124,Male,39,Safdarjung Enclave,69,91,Home and lifestyle,Credit card,4.6
125,Female,23,Malviya Nagar,17,29,Fashion accessories,Ewallet,7.3
126,Female,31,Vasant Kunj,70,77,Home and lifestyle,Credit card,4.5
127,Male,43,Vasant Kunj,71,35,Sports and travel,Cash,9
128,Male,40,Safdarjung Enclave,71,95,Fashion accessories,Credit card,5.9
129,Male,59,Safdarjung Enclave,71,11,Food and beverages,Ewallet,8.5
130,Male,38,Malviya Nagar,71,75,Sports and travel,Ewallet,7.2
131,Male,47,Malviya Nagar,71,9,Fashion accessories,Cash,7.5
132,Male,39,Vasant Kunj,71,75,Sports and travel,Cash,8.3
133,Female,25,Malviya Nagar,32,34,Sports and travel,Cash,7.4
134,Female,31,Malviya Nagar,72,71,Electronic accessories,Credit card,8.8
135,Male,20,Safdarjung Enclave,15,5,Health and beauty,Ewallet,5.3
136,Female,29,Safdarjung Enclave,73,88,Fashion accessories,Cash,6.2
137,Female,44,Vasant Kunj,73,7,Electronic accessories,Credit card,8.8
138,Male,32,Vasant Kunj,73,73,Home and lifestyle,Cash,9.8
139,Male,19,Malviya Nagar,12,10,Sports and travel,Cash,8.2
140,Female,35,Vasant Kunj,74,72,Sports and travel,Ewallet,9.2
141,Female,57,Safdarjung Enclave,75,5,Sports and travel,Credit card,5.4
142,Male,32,Safdarjung Enclave,75,93,Health and beauty,Cash,8.1
143,Female,28,Safdarjung Enclave,76,40,Health and beauty,Cash,9.1
144,Female,32,Safdarjung Enclave,76,87,Food and beverages,Credit card,8.4
145,Male,25,Vasant Kunj,25,12,Home and lifestyle,Ewallet,8
146,Male,28,Safdarjung Enclave,77,97,Health and beauty,Credit card,9.5
147,Male,48,Vasant Kunj,77,36,Fashion accessories,Ewallet,9.2
148,Female,32,Safdarjung Enclave,77,74,Health and beauty,Credit card,5.6
149,Female,34,Malviya Nagar,78,22,Home and lifestyle,Credit card,6.2
150,Male,34,Vasant Kunj,78,90,Health and beauty,Credit card,4.9
151,Male,43,Malviya Nagar,78,17,Fashion accessories,Credit card,4.8
152,Male,39,Safdarjung Enclave,78,88,Sports and travel,Credit card,7.3
153,Female,44,Vasant Kunj,78,20,Fashion accessories,Credit card,7.4
154,Female,38,Safdarjung Enclave,78,76,Food and beverages,Ewallet,9.9
155,Female,47,Safdarjung Enclave,78,16,Sports and travel,Cash,9.3
156,Female,27,Vasant Kunj,78,89,Food and beverages,Credit card,9
157,Male,37,Malviya Nagar,78,1,Electronic accessories,Cash,6.1
158,Female,30,Malviya Nagar,78,78,Home and lifestyle,Ewallet,9.7
159,Male,34,Malviya Nagar,78,40,Health and beauty,Ewallet,6
160,Female,30,Malviya Nagar,78,73,Sports and travel,Ewallet,10
161,Female,56,Safdarjung Enclave,79,35,Food and beverages,Credit card,8.3
162,Female,29,Vasant Kunj,79,83,Sports and travel,Cash,6
163,Male,19,Vasant Kunj,14,5,Food and beverages,Credit card,7
164,Female,31,Safdarjung Enclave,81,93,Sports and travel,Ewallet,6.5
165,Male,50,Malviya Nagar,85,26,Food and beverages,Credit card,5.9
166,Female,36,Malviya Nagar,85,75,Health and beauty,Ewallet,5.6
167,Male,42,Safdarjung Enclave,86,20,Home and lifestyle,Cash,4.8
168,Female,33,Vasant Kunj,86,95,Fashion accessories,Credit card,8.7
169,Female,36,Vasant Kunj,87,27,Food and beverages,Cash,6.5
170,Male,32,Vasant Kunj,87,63,Sports and travel,Credit card,8.5
171,Male,40,Vasant Kunj,87,13,Health and beauty,Ewallet,5.5
172,Male,28,Malviya Nagar,87,75,Food and beverages,Credit card,9.4
173,Male,36,Safdarjung Enclave,87,10,Electronic accessories,Cash,6.3
174,Male,36,Malviya Nagar,87,92,Electronic accessories,Credit card,9.8
175,Female,52,Malviya Nagar,88,13,Food and beverages,Ewallet,8.7
176,Female,30,Vasant Kunj,88,86,Home and lifestyle,Ewallet,8.8
177,Male,58,Vasant Kunj,88,15,Food and beverages,Credit card,9.6
178,Male,27,Safdarjung Enclave,88,69,Fashion accessories,Credit card,4.8
179,Male,59,Vasant Kunj,93,14,Food and beverages,Ewallet,4.4
180,Male,35,Safdarjung Enclave,93,90,Health and beauty,Ewallet,9.9
181,Female,37,Safdarjung Enclave,97,32,Fashion accessories,Cash,5.7
182,Female,32,Safdarjung Enclave,97,86,Food and beverages,Cash,7.7
183,Male,46,Vasant Kunj,98,15,Sports and travel,Ewallet,8
184,Female,29,Safdarjung Enclave,98,88,Health and beauty,Ewallet,5.7
185,Female,41,Vasant Kunj,99,39,Sports and travel,Credit card,6.7
186,Male,30,Malviya Nagar,99,97,Food and beverages,Ewallet,8
187,Female,54,Malviya Nagar,101,24,Home and lifestyle,Ewallet,7.5
188,Male,28,Malviya Nagar,101,68,Home and lifestyle,Cash,7
189,Female,41,Vasant Kunj,103,17,Home and lifestyle,Ewallet,9.9
190,Female,36,Safdarjung Enclave,103,85,Home and lifestyle,Credit card,5.9
191,Female,34,Malviya Nagar,103,23,Home and lifestyle,Credit card,7.2
192,Female,32,Malviya Nagar,60,69,Fashion accessories,Ewallet,4.6
193,Male,33,Safdarjung Enclave,58,8,Food and beverages,Cash,9.2
194,Female,38,Malviya Nagar,113,91,Home and lifestyle,Ewallet,5.7
195,Female,47,Vasant Kunj,120,16,Electronic accessories,Credit card,9.9
196,Female,35,Safdarjung Enclave,120,79,Fashion accessories,Cash,5
197,Female,45,Safdarjung Enclave,126,28,Health and beauty,Cash,4.9
198,Male,32,Vasant Kunj,76,74,Home and lifestyle,Ewallet,6.1
199,Male,32,Safdarjung Enclave,80,18,Health and beauty,Credit card,8.2
200,Male,30,Safdarjung Enclave,137,83,Food and beverages,Credit card,5.5
201,Female,36,Safdarjung Enclave,138,76,Sports and travel,Credit card,6.8
202,Female,35,Malviya Nagar,13,39,Electronic accessories,Cash,6.6
203,Female,56,Safdarjung Enclave,14,81,Electronic accessories,Cash,9.8
204,Male,24,Malviya Nagar,14,6,Health and beauty,Ewallet,8.7
205,Female,54,Malviya Nagar,15,77,Home and lifestyle,Credit card,5.4
206,Male,23,Vasant Kunj,17,40,Health and beauty,Ewallet,7.9
207,Female,34,Safdarjung Enclave,14,76,Electronic accessories,Credit card,9.7
208,Female,67,Safdarjung Enclave,18,70,Home and lifestyle,Ewallet,7.8
209,Female,65,Malviya Nagar,16,94,Fashion accessories,Ewallet,5.1
210,Male,34,Malviya Nagar,19,3,Electronic accessories,Credit card,6.5
211,Female,45,Vasant Kunj,19,72,Electronic accessories,Ewallet,5.9
212,Male,65,Safdarjung Enclave,19,14,Food and beverages,Cash,8.8
213,Male,45,Malviya Nagar,19,90,Home and lifestyle,Ewallet,4.9
214,Female,55,Malviya Nagar,20,15,Sports and travel,Credit card,4.4
215,Female,55,Malviya Nagar,20,77,Sports and travel,Cash,6.5
216,Female,21,Vasant Kunj,20,13,Home and lifestyle,Credit card,8.3
217,Female,19,Malviya Nagar,13,79,Sports and travel,Cash,8.5
218,Male,56,Vasant Kunj,21,35,Electronic accessories,Cash,5.5
219,Male,23,Malviya Nagar,15,66,Fashion accessories,Ewallet,8.7
220,Female,26,Malviya Nagar,23,29,Food and beverages,Credit card,7.9
221,Male,34,Malviya Nagar,23,98,Electronic accessories,Ewallet,6.1
222,Female,45,Malviya Nagar,24,35,Food and beverages,Ewallet,5.4
223,Male,57,Safdarjung Enclave,24,73,Electronic accessories,Cash,9.4
224,Female,45,Safdarjung Enclave,25,5,Fashion accessories,Cash,8.2
225,Female,46,Vasant Kunj,25,73,Food and beverages,Cash,6.2
226,Male,52,Safdarjung Enclave,28,14,Sports and travel,Credit card,9.7
227,Male,70,Malviya Nagar,28,82,Health and beauty,Ewallet,4
228,Female,54,Safdarjung Enclave,28,32,Electronic accessories,Ewallet,9.7
229,Male,33,Malviya Nagar,28,61,Electronic accessories,Cash,5.3
230,Male,44,Vasant Kunj,29,31,Home and lifestyle,Ewallet,7.4
231,Male,46,Malviya Nagar,16,87,Fashion accessories,Cash,6.5
232,Male,67,Malviya Nagar,30,4,Electronic accessories,Credit card,8.7
233,Male,21,Malviya Nagar,16,73,Health and beauty,Cash,8
234,Male,24,Malviya Nagar,33,4,Fashion accessories,Cash,6.7
235,Female,27,Vasant Kunj,40,92,Health and beauty,Ewallet,6.5
236,Male,67,Vasant Kunj,33,14,Sports and travel,Ewallet,4.1
237,Female,65,Safdarjung Enclave,15,81,Health and beauty,Credit card,4.9
238,Female,66,Safdarjung Enclave,34,17,Fashion accessories,Credit card,8.6
239,Male,35,Malviya Nagar,34,73,Electronic accessories,Cash,4.3
240,Male,37,Vasant Kunj,37,26,Fashion accessories,Ewallet,4.9
241,Female,39,Vasant Kunj,13,75,Food and beverages,Credit card,5.6
242,Male,71,Vasant Kunj,38,35,Health and beauty,Credit card,5.8
243,Female,63,Safdarjung Enclave,23,92,Fashion accessories,Credit card,6
244,Female,69,Vasant Kunj,39,36,Home and lifestyle,Cash,4.2
245,Male,39,Malviya Nagar,39,61,Home and lifestyle,Credit card,8.3
246,Male,29,Vasant Kunj,39,28,Home and lifestyle,Cash,5.7
247,Female,28,Malviya Nagar,39,65,Electronic accessories,Cash,4.8
248,Male,51,Vasant Kunj,40,55,Fashion accessories,Ewallet,6.8
249,Male,43,Vasant Kunj,40,47,Electronic accessories,Credit card,8.8
250,Male,42,Malviya Nagar,40,42,Food and beverages,Credit card,4.2
251,Female,66,Malviya Nagar,40,42,Food and beverages,Ewallet,6.4
252,Male,65,Safdarjung Enclave,42,52,Fashion accessories,Credit card,8.4
253,Male,64,Safdarjung Enclave,42,60,Sports and travel,Credit card,7.2
254,Female,63,Vasant Kunj,43,54,Home and lifestyle,Cash,5.2
255,Male,62,Vasant Kunj,43,60,Home and lifestyle,Cash,8.9
256,Female,61,Malviya Nagar,43,45,Fashion accessories,Cash,9
257,Female,60,Vasant Kunj,43,41,Electronic accessories,Credit card,9.7
258,Male,31,Vasant Kunj,44,50,Home and lifestyle,Ewallet,8.7
259,Male,32,Vasant Kunj,44,46,Electronic accessories,Ewallet,6.5
260,Female,33,Safdarjung Enclave,46,51,Electronic accessories,Credit card,6.9
261,Female,34,Vasant Kunj,46,46,Electronic accessories,Ewallet,6.2
262,Male,35,Safdarjung Enclave,46,56,Fashion accessories,Ewallet,5.6
263,Male,36,Malviya Nagar,14,55,Fashion accessories,Cash,5.7
264,Female,37,Vasant Kunj,47,52,Sports and travel,Cash,4.2
265,Female,38,Malviya Nagar,47,59,Sports and travel,Ewallet,7.9
266,Male,39,Vasant Kunj,48,51,Sports and travel,Credit card,8.7
267,Male,40,Safdarjung Enclave,12,59,Home and lifestyle,Credit card,6.9
268,Male,59,Malviya Nagar,48,50,Food and beverages,Cash,9.5
269,Female,58,Vasant Kunj,48,48,Home and lifestyle,Credit card,4.4
270,Male,57,Vasant Kunj,13,59,Home and lifestyle,Ewallet,7
271,Male,56,Malviya Nagar,48,47,Sports and travel,Ewallet,6.3
272,Female,55,Safdarjung Enclave,49,55,Health and beauty,Cash,9.7
273,Female,54,Vasant Kunj,49,42,Home and lifestyle,Credit card,8.8
274,Male,53,Vasant Kunj,50,49,Home and lifestyle,Cash,5.1
275,Male,52,Malviya Nagar,50,56,Health and beauty,Ewallet,7.9
276,Female,51,Malviya Nagar,54,47,Fashion accessories,Cash,6.2
277,Female,50,Safdarjung Enclave,39,54,Home and lifestyle,Cash,7.1
278,Male,41,Safdarjung Enclave,54,53,Fashion accessories,Ewallet,6.4
279,Female,42,Safdarjung Enclave,54,48,Fashion accessories,Cash,5.7
280,Male,43,Vasant Kunj,17,52,Sports and travel,Credit card,9.6
281,Male,44,Vasant Kunj,54,42,Home and lifestyle,Credit card,6.4
282,Female,45,Safdarjung Enclave,54,51,Home and lifestyle,Credit card,7.9
283,Female,46,Vasant Kunj,54,55,Sports and travel,Cash,6.5
284,Male,47,Vasant Kunj,54,41,Health and beauty,Ewallet,8.5
285,Male,48,Vasant Kunj,54,44,Health and beauty,Cash,9.1
286,Female,49,Malviya Nagar,17,57,Health and beauty,Cash,7.6
287,Female,50,Safdarjung Enclave,54,46,Home and lifestyle,Cash,6.9
288,Female,49,Safdarjung Enclave,57,58,Sports and travel,Cash,9.5
289,Male,48,Malviya Nagar,14,55,Food and beverages,Credit card,5.2
290,Male,47,Vasant Kunj,58,60,Home and lifestyle,Cash,4.2
291,Male,46,Malviya Nagar,58,46,Electronic accessories,Credit card,7
292,Male,45,Safdarjung Enclave,59,55,Electronic accessories,Ewallet,6
293,Female,44,Vasant Kunj,9,41,Electronic accessories,Cash,4.7
294,Male,43,Vasant Kunj,60,49,Food and beverages,Cash,7.1
295,Male,42,Malviya Nagar,60,40,Health and beauty,Ewallet,5.9
296,Female,41,Safdarjung Enclave,60,42,Electronic accessories,Cash,7.5
297,Female,40,Safdarjung Enclave,26,52,Electronic accessories,Cash,6.4
298,Male,51,Vasant Kunj,60,47,Home and lifestyle,Ewallet,5.8
299,Male,52,Vasant Kunj,60,50,Home and lifestyle,Cash,4.5
300,Female,53,Safdarjung Enclave,61,42,Home and lifestyle,Cash,7.7
301,Male,54,Safdarjung Enclave,12,49,Fashion accessories,Credit card,6.7
302,Male,55,Malviya Nagar,15,41,Health and beauty,Credit card,4.7
303,Male,56,Safdarjung Enclave,62,48,Food and beverages,Cash,4.4
304,Male,57,Vasant Kunj,62,59,Electronic accessories,Credit card,4.7
305,Female,58,Malviya Nagar,38,55,Electronic accessories,Cash,8.6
306,Female,59,Vasant Kunj,62,56,Electronic accessories,Ewallet,4.3
307,Female,60,Vasant Kunj,15,42,Sports and travel,Cash,9.6
308,Female,39,Vasant Kunj,63,50,Home and lifestyle,Cash,4.1
309,Male,38,Vasant Kunj,63,46,Electronic accessories,Ewallet,4.7
310,Female,37,Vasant Kunj,63,43,Fashion accessories,Cash,7.8
311,Female,36,Malviya Nagar,63,48,Sports and travel,Cash,5.5
312,Male,35,Safdarjung Enclave,63,52,Fashion accessories,Ewallet,9.7
313,Male,34,Vasant Kunj,12,54,Food and beverages,Credit card,4.4
314,Male,33,Vasant Kunj,64,42,Health and beauty,Cash,5
315,Female,32,Safdarjung Enclave,15,46,Electronic accessories,Cash,4.4
316,Male,31,Safdarjung Enclave,10,48,Food and beverages,Cash,5.2
317,Male,30,Safdarjung Enclave,11,50,Food and beverages,Cash,7.3
318,Female,61,Safdarjung Enclave,65,43,Electronic accessories,Cash,4.9
319,Female,62,Safdarjung Enclave,65,59,Health and beauty,Credit card,8.1
320,Male,63,Safdarjung Enclave,67,43,Health and beauty,Ewallet,8.4
321,Female,64,Safdarjung Enclave,67,57,Food and beverages,Cash,5.5
322,Female,65,Safdarjung Enclave,67,56,Health and beauty,Cash,8.4
323,Female,66,Vasant Kunj,67,40,Health and beauty,Ewallet,9.8
324,Female,67,Vasant Kunj,69,58,Fashion accessories,Cash,6.7
325,Male,68,Vasant Kunj,69,91,Home and lifestyle,Credit card,9.4
326,Male,69,Malviya Nagar,17,29,Sports and travel,Ewallet,6.4
327,Female,70,Vasant Kunj,70,77,Food and beverages,Cash,5.4
328,Male,29,Safdarjung Enclave,71,35,Food and beverages,Cash,8.6
329,Male,28,Malviya Nagar,71,95,Health and beauty,Credit card,4
330,Male,27,Vasant Kunj,71,11,Electronic accessories,Cash,7.6
331,Male,26,Malviya Nagar,71,75,Home and lifestyle,Cash,6.8
332,Male,25,Vasant Kunj,71,9,Food and beverages,Credit card,9.1
333,Female,24,Vasant Kunj,36,75,Fashion accessories,Cash,5.5
334,Female,23,Vasant Kunj,32,34,Food and beverages,Credit card,7.9
335,Male,22,Safdarjung Enclave,21,71,Sports and travel,Ewallet,8.5
336,Male,21,Vasant Kunj,15,5,Electronic accessories,Credit card,9.1
337,Female,20,Vasant Kunj,73,88,Fashion accessories,Ewallet,7.5
338,Male,19,Malviya Nagar,16,7,Sports and travel,Cash,5.2
339,Male,18,Safdarjung Enclave,15,73,Electronic accessories,Credit card,9.5
340,Male,71,Malviya Nagar,12,10,Food and beverages,Credit card,8.9
341,Female,66,Malviya Nagar,74,72,Electronic accessories,Credit card,7.8
342,Female,65,Malviya Nagar,75,5,Health and beauty,Ewallet,8.9
343,Female,64,Malviya Nagar,75,93,Health and beauty,Cash,7.7
344,Male,63,Safdarjung Enclave,76,40,Food and beverages,Ewallet,9.3
345,Male,62,Vasant Kunj,76,87,Sports and travel,Cash,6.2
346,Male,61,Vasant Kunj,25,12,Fashion accessories,Ewallet,7.6
347,Female,60,Vasant Kunj,77,97,Electronic accessories,Cash,7.3
348,Male,31,Safdarjung Enclave,77,36,Home and lifestyle,Cash,4.7
349,Female,32,Vasant Kunj,77,74,Electronic accessories,Cash,5.1
350,Male,33,Malviya Nagar,78,22,Health and beauty,Credit card,4.8
351,Male,34,Safdarjung Enclave,78,90,Fashion accessories,Credit card,6.6
352,Male,35,Vasant Kunj,78,17,Electronic accessories,Cash,5.5
353,Female,36,Malviya Nagar,78,88,Fashion accessories,Credit card,8.5
354,Female,37,Malviya Nagar,78,20,Home and lifestyle,Cash,4.8
355,Female,38,Safdarjung Enclave,78,76,Electronic accessories,Cash,8.4
356,Female,39,Malviya Nagar,78,16,Food and beverages,Credit card,7.8
357,Male,40,Safdarjung Enclave,78,89,Fashion accessories,Credit card,9.3
358,Male,59,Safdarjung Enclave,78,1,Sports and travel,Cash,5.2
359,Male,58,Malviya Nagar,78,78,Electronic accessories,Ewallet,6.5
360,Female,57,Malviya Nagar,78,40,Sports and travel,Cash,5.6
361,Male,56,Vasant Kunj,78,73,Food and beverages,Credit card,7.4
362,Male,55,Safdarjung Enclave,79,35,Food and beverages,Cash,9.1
363,Female,54,Safdarjung Enclave,79,83,Food and beverages,Ewallet,8
364,Female,53,Vasant Kunj,14,5,Home and lifestyle,Cash,7.2
365,Male,52,Safdarjung Enclave,81,93,Food and beverages,Cash,7.1
366,Male,51,Safdarjung Enclave,85,26,Fashion accessories,Cash,9.1
367,Female,50,Safdarjung Enclave,85,75,Electronic accessories,Cash,5.6
368,Male,41,Vasant Kunj,86,20,Home and lifestyle,Cash,6
369,Female,42,Safdarjung Enclave,86,95,Sports and travel,Cash,5.4
370,Female,43,Vasant Kunj,87,27,Electronic accessories,Credit card,7.8
371,Male,44,Malviya Nagar,87,63,Electronic accessories,Cash,9.9
372,Male,45,Malviya Nagar,87,13,Fashion accessories,Credit card,4.9
373,Female,46,Safdarjung Enclave,87,75,Home and lifestyle,Ewallet,5.2
374,Male,47,Safdarjung Enclave,87,10,Fashion accessories,Cash,8.9
375,Male,48,Vasant Kunj,87,92,Home and lifestyle,Credit card,9.1
376,Female,49,Vasant Kunj,88,13,Fashion accessories,Ewallet,7
377,Male,50,Malviya Nagar,88,86,Home and lifestyle,Credit card,9.6
378,Female,49,Safdarjung Enclave,88,15,Sports and travel,Ewallet,8.7
379,Female,48,Safdarjung Enclave,88,69,Fashion accessories,Ewallet,9.4
380,Male,47,Malviya Nagar,93,14,Electronic accessories,Credit card,4
381,Male,46,Vasant Kunj,93,90,Sports and travel,Credit card,7.5
382,Male,45,Safdarjung Enclave,97,32,Electronic accessories,Cash,4.2
383,Female,44,Malviya Nagar,97,86,Food and beverages,Cash,9.9
384,Female,43,Safdarjung Enclave,98,15,Food and beverages,Ewallet,4.2
385,Female,42,Vasant Kunj,98,88,Food and beverages,Ewallet,9.9
386,Male,41,Malviya Nagar,99,39,Sports and travel,Cash,5.8
387,Male,40,Safdarjung Enclave,99,97,Food and beverages,Cash,6
388,Male,51,Vasant Kunj,101,24,Health and beauty,Credit card,10
389,Male,52,Safdarjung Enclave,101,68,Fashion accessories,Ewallet,9.5
390,Female,53,Malviya Nagar,103,17,Food and beverages,Credit card,6.6
391,Male,54,Safdarjung Enclave,103,85,Fashion accessories,Cash,8.1
392,Male,55,Malviya Nagar,103,23,Fashion accessories,Cash,9.7
393,Female,56,Vasant Kunj,60,69,Electronic accessories,Ewallet,7.2
394,Male,57,Vasant Kunj,58,8,Sports and travel,Credit card,6.2
395,Male,58,Vasant Kunj,113,91,Health and beauty,Ewallet,7.3
396,Female,59,Vasant Kunj,120,16,Health and beauty,Ewallet,4.3
397,Female,60,Vasant Kunj,120,79,Food and beverages,Ewallet,4.6
398,Female,39,Malviya Nagar,126,28,Home and lifestyle,Cash,5.8
399,Male,38,Malviya Nagar,89,74,Health and beauty,Credit card,8.3
400,Male,37,Malviya Nagar,86,18,Electronic accessories,Cash,8
401,Male,36,Safdarjung Enclave,137,83,Food and beverages,Credit card,9.4
402,Male,35,Safdarjung Enclave,58,76,Home and lifestyle,Credit card,6.2
403,Female,34,Safdarjung Enclave,46,39,Home and lifestyle,Ewallet,9.8
404,Male,33,Malviya Nagar,14,81,Fashion accessories,Ewallet,9.6
405,Female,32,Safdarjung Enclave,14,6,Fashion accessories,Ewallet,4.9
406,Male,31,Vasant Kunj,35,77,Sports and travel,Credit card,8
407,Male,30,Vasant Kunj,27,40,Food and beverages,Credit card,7.8
408,Male,61,Malviya Nagar,35,76,Fashion accessories,Cash,4.1
409,Male,62,Vasant Kunj,18,70,Home and lifestyle,Ewallet,5.5
410,Female,63,Safdarjung Enclave,16,94,Fashion accessories,Ewallet,5.4
411,Male,64,Malviya Nagar,19,3,Health and beauty,Cash,5.1
412,Male,65,Malviya Nagar,19,72,Sports and travel,Ewallet,6.9
413,Male,66,Vasant Kunj,19,14,Health and beauty,Cash,7.8
414,Male,67,Vasant Kunj,19,90,Sports and travel,Ewallet,6.6
415,Female,68,Vasant Kunj,20,15,Home and lifestyle,Ewallet,9.2
416,Female,69,Malviya Nagar,20,77,Health and beauty,Ewallet,7.8
417,Male,70,Safdarjung Enclave,20,13,Home and lifestyle,Credit card,8.7
418,Male,29,Safdarjung Enclave,13,79,Health and beauty,Ewallet,9.2
419,Female,28,Malviya Nagar,21,35,Health and beauty,Ewallet,8.3
420,Male,27,Vasant Kunj,25,66,Electronic accessories,Cash,8.2
421,Female,26,Safdarjung Enclave,23,29,Food and beverages,Ewallet,7.5
422,Male,25,Safdarjung Enclave,23,98,Electronic accessories,Cash,9.8
423,Male,24,Safdarjung Enclave,24,35,Fashion accessories,Credit card,8.7
424,Female,23,Malviya Nagar,24,73,Fashion accessories,Credit card,6.7
425,Female,22,Safdarjung Enclave,25,5,Fashion accessories,Cash,5
426,Female,21,Malviya Nagar,20,73,Fashion accessories,Cash,7
427,Female,20,Vasant Kunj,28,14,Health and beauty,Cash,8.9
428,Male,19,Malviya Nagar,12,82,Food and beverages,Credit card,8
429,Male,18,Malviya Nagar,28,32,Sports and travel,Cash,6.9
430,Female,71,Vasant Kunj,120,61,Home and lifestyle,Ewallet,7.3
431,Female,66,Malviya Nagar,29,31,Fashion accessories,Credit card,6.9
432,Male,65,Safdarjung Enclave,16,87,Food and beverages,Ewallet,5.7
433,Male,64,Vasant Kunj,30,4,Electronic accessories,Ewallet,6.4
435,Female,62,Malviya Nagar,33,4,Fashion accessories,Credit card,9.6
436,Male,61,Malviya Nagar,10,92,Fashion accessories,Credit card,6.8
437,Male,60,Safdarjung Enclave,33,14,Sports and travel,Ewallet,9
438,Male,31,Safdarjung Enclave,15,81,Sports and travel,Ewallet,9.6
439,Female,32,Vasant Kunj,34,17,Home and lifestyle,Credit card,7.7
440,Male,33,Safdarjung Enclave,34,73,Food and beverages,Ewallet,7
441,Male,34,Safdarjung Enclave,37,26,Electronic accessories,Credit card,6.5
442,Male,35,Safdarjung Enclave,13,75,Food and beverages,Cash,8.1
443,Male,36,Malviya Nagar,38,35,Sports and travel,Credit card,4.3
444,Female,37,Vasant Kunj,23,92,Home and lifestyle,Credit card,6.5
445,Male,38,Safdarjung Enclave,39,36,Fashion accessories,Ewallet,9.5
446,Female,39,Vasant Kunj,39,61,Sports and travel,Cash,9.7
447,Female,40,Malviya Nagar,39,28,Health and beauty,Credit card,9.5
448,Male,59,Safdarjung Enclave,39,65,Food and beverages,Credit card,8.9
449,Male,58,Safdarjung Enclave,40,55,Fashion accessories,Credit card,6.5
450,Male,57,Malviya Nagar,40,47,Health and beauty,Credit card,5.3
451,Female,56,Malviya Nagar,40,42,Sports and travel,Credit card,9.6
452,Female,55,Malviya Nagar,40,42,Electronic accessories,Cash,6.7
453,Female,54,Malviya Nagar,42,52,Electronic accessories,Cash,7.6
454,Male,53,Vasant Kunj,42,60,Food and beverages,Ewallet,4.8
455,Male,52,Vasant Kunj,43,54,Health and beauty,Ewallet,5.5
456,Female,51,Vasant Kunj,43,60,Electronic accessories,Cash,4.7
457,Male,50,Malviya Nagar,43,45,Fashion accessories,Cash,6.9
458,Male,41,Malviya Nagar,43,41,Food and beverages,Credit card,4.5
459,Female,42,Malviya Nagar,44,50,Electronic accessories,Cash,6.2
460,Female,43,Safdarjung Enclave,44,46,Electronic accessories,Cash,7.6
461,Female,44,Safdarjung Enclave,46,51,Food and beverages,Credit card,7.9
462,Female,45,Safdarjung Enclave,46,46,Food and beverages,Cash,4.5
463,Female,46,Malviya Nagar,46,56,Food and beverages,Credit card,8.7
464,Male,47,Safdarjung Enclave,14,55,Sports and travel,Cash,6.1
465,Male,48,Safdarjung Enclave,47,52,Food and beverages,Cash,6.4
466,Female,49,Vasant Kunj,47,59,Food and beverages,Credit card,9.1
467,Male,50,Safdarjung Enclave,48,51,Sports and travel,Credit card,7.1
468,Male,49,Safdarjung Enclave,12,59,Health and beauty,Credit card,7.7
469,Male,48,Malviya Nagar,48,50,Sports and travel,Cash,4.5
470,Female,47,Safdarjung Enclave,48,48,Food and beverages,Ewallet,7.2
471,Male,46,Safdarjung Enclave,13,59,Electronic accessories,Cash,8.4
472,Male,45,Safdarjung Enclave,48,47,Home and lifestyle,Ewallet,5.4
473,Female,44,Vasant Kunj,49,55,Sports and travel,Cash,9.7
474,Male,43,Vasant Kunj,49,42,Fashion accessories,Credit card,5.5
475,Male,42,Malviya Nagar,50,49,Health and beauty,Cash,4.6
476,Female,41,Vasant Kunj,50,56,Electronic accessories,Cash,6.6
477,Female,40,Vasant Kunj,54,47,Health and beauty,Credit card,6.3
478,Male,51,Vasant Kunj,39,54,Sports and travel,Credit card,4.2
479,Male,52,Safdarjung Enclave,54,53,Electronic accessories,Ewallet,4.4
480,Male,53,Malviya Nagar,54,48,Sports and travel,Ewallet,6.7
481,Female,54,Vasant Kunj,17,52,Electronic accessories,Ewallet,6.7
482,Male,55,Safdarjung Enclave,54,42,Food and beverages,Cash,8.4
483,Male,56,Safdarjung Enclave,54,51,Electronic accessories,Cash,6.2
484,Male,57,Vasant Kunj,54,55,Sports and travel,Ewallet,5
485,Female,58,Malviya Nagar,54,41,Home and lifestyle,Cash,6
486,Female,59,Safdarjung Enclave,54,44,Sports and travel,Credit card,7
487,Male,60,Malviya Nagar,17,57,Sports and travel,Ewallet,6.6
488,Male,39,Malviya Nagar,54,46,Fashion accessories,Cash,7.3
489,Male,38,Vasant Kunj,57,58,Fashion accessories,Ewallet,8.3
490,Female,37,Safdarjung Enclave,14,55,Home and lifestyle,Cash,4.3
491,Female,36,Malviya Nagar,58,60,Home and lifestyle,Ewallet,9.8
492,Female,35,Malviya Nagar,58,46,Fashion accessories,Ewallet,8.2
493,Male,34,Vasant Kunj,59,55,Fashion accessories,Credit card,7.2
494,Male,33,Malviya Nagar,9,41,Health and beauty,Ewallet,8.7
495,Female,32,Safdarjung Enclave,60,49,Home and lifestyle,Credit card,8.4
496,Male,31,Malviya Nagar,60,40,Fashion accessories,Ewallet,7.1
497,Female,30,Malviya Nagar,60,42,Sports and travel,Cash,5.5
498,Female,61,Safdarjung Enclave,26,52,Electronic accessories,Cash,8.5
499,Female,62,Safdarjung Enclave,60,47,Food and beverages,Cash,6.2
500,Female,63,Malviya Nagar,60,50,Sports and travel,Cash,8.9
501,Male,64,Vasant Kunj,61,42,Sports and travel,Cash,9.6
502,Male,65,Malviya Nagar,12,49,Sports and travel,Credit card,5.4
503,Male,66,Safdarjung Enclave,15,41,Fashion accessories,Ewallet,9.1
504,Female,67,Safdarjung Enclave,62,48,Home and lifestyle,Ewallet,9
505,Female,68,Malviya Nagar,62,59,Sports and travel,Cash,6.3
506,Male,69,Malviya Nagar,38,55,Sports and travel,Credit card,9.5
507,Female,70,Vasant Kunj,62,56,Electronic accessories,Ewallet,9.8
508,Male,29,Malviya Nagar,15,42,Sports and travel,Cash,6.7
509,Female,28,Malviya Nagar,63,50,Food and beverages,Credit card,7.7
510,Male,27,Malviya Nagar,63,46,Health and beauty,Cash,7
511,Male,26,Safdarjung Enclave,63,43,Home and lifestyle,Credit card,5.1
512,Female,25,Malviya Nagar,63,48,Sports and travel,Credit card,6.2
513,Female,24,Vasant Kunj,63,52,Home and lifestyle,Ewallet,6.1
514,Female,23,Vasant Kunj,12,54,Fashion accessories,Ewallet,9.3
515,Female,22,Vasant Kunj,23,42,Electronic accessories,Cash,7.6
516,Male,21,Safdarjung Enclave,15,46,Sports and travel,Credit card,8.2
517,Male,20,Safdarjung Enclave,10,48,Fashion accessories,Ewallet,8.5
518,Female,19,Malviya Nagar,11,50,Health and beauty,Ewallet,9.8
519,Male,18,Safdarjung Enclave,16,43,Home and lifestyle,Credit card,8.7
520,Male,71,Vasant Kunj,65,59,Home and lifestyle,Ewallet,9.7
521,Female,62,Safdarjung Enclave,67,43,Sports and travel,Credit card,4.3
522,Female,61,Malviya Nagar,67,57,Electronic accessories,Credit card,7.7
523,Male,60,Safdarjung Enclave,67,56,Home and lifestyle,Cash,7.3
524,Female,31,Vasant Kunj,67,40,Home and lifestyle,Credit card,5.9
525,Female,32,Safdarjung Enclave,69,58,Health and beauty,Cash,5
526,Male,33,Vasant Kunj,69,91,Food and beverages,Credit card,8
527,Female,34,Vasant Kunj,17,29,Sports and travel,Ewallet,7.1
528,Male,35,Malviya Nagar,70,77,Fashion accessories,Credit card,9
529,Female,36,Malviya Nagar,71,35,Fashion accessories,Ewallet,6.7
530,Female,37,Malviya Nagar,71,95,Food and beverages,Credit card,6.1
531,Female,38,Vasant Kunj,71,11,Sports and travel,Cash,9.3
532,Male,39,Vasant Kunj,71,75,Health and beauty,Ewallet,7
533,Male,40,Vasant Kunj,71,9,Fashion accessories,Credit card,7.2
534,Male,59,Malviya Nagar,71,75,Electronic accessories,Ewallet,8.2
535,Male,58,Safdarjung Enclave,32,34,Food and beverages,Ewallet,8.4
536,Male,57,Vasant Kunj,72,71,Home and lifestyle,Ewallet,6.2
537,Female,56,Safdarjung Enclave,15,5,Home and lifestyle,Ewallet,7.4
538,Female,55,Malviya Nagar,73,88,Fashion accessories,Credit card,5
539,Female,54,Vasant Kunj,73,7,Home and lifestyle,Ewallet,6.9
540,Female,53,Vasant Kunj,73,73,Fashion accessories,Credit card,4.9
541,Male,52,Safdarjung Enclave,12,10,Food and beverages,Ewallet,5.1
542,Female,51,Vasant Kunj,74,72,Home and lifestyle,Ewallet,9.1
543,Female,50,Safdarjung Enclave,75,5,Health and beauty,Credit card,7.1
544,Male,41,Malviya Nagar,75,93,Sports and travel,Credit card,5
545,Female,42,Safdarjung Enclave,76,40,Electronic accessories,Credit card,5.5
546,Female,43,Malviya Nagar,76,87,Food and beverages,Credit card,9.2
547,Female,44,Malviya Nagar,25,12,Home and lifestyle,Ewallet,4.9
548,Female,45,Vasant Kunj,77,97,Fashion accessories,Ewallet,8.9
549,Male,46,Vasant Kunj,77,36,Sports and travel,Credit card,6
550,Male,47,Malviya Nagar,77,74,Sports and travel,Cash,4.2
551,Female,48,Vasant Kunj,78,22,Electronic accessories,Cash,7.3
552,Female,49,Malviya Nagar,78,90,Fashion accessories,Ewallet,6.5
553,Male,50,Malviya Nagar,78,17,Fashion accessories,Cash,8.9
554,Female,49,Malviya Nagar,78,88,Health and beauty,Cash,9.7
555,Male,48,Safdarjung Enclave,78,20,Electronic accessories,Credit card,8.6
556,Male,47,Vasant Kunj,78,76,Electronic accessories,Cash,6.9
557,Female,46,Malviya Nagar,78,16,Home and lifestyle,Credit card,7.7
558,Female,45,Malviya Nagar,78,89,Fashion accessories,Cash,9.5
559,Female,44,Safdarjung Enclave,78,1,Food and beverages,Ewallet,4.5
560,Male,43,Vasant Kunj,78,78,Food and beverages,Ewallet,5.6
561,Female,42,Vasant Kunj,78,40,Home and lifestyle,Ewallet,8.2
562,Female,41,Malviya Nagar,78,73,Electronic accessories,Cash,7.3
563,Male,40,Safdarjung Enclave,79,35,Food and beverages,Credit card,4.4
564,Female,51,Malviya Nagar,79,83,Electronic accessories,Ewallet,5.7
565,Female,52,Vasant Kunj,14,5,Electronic accessories,Ewallet,5
566,Male,53,Malviya Nagar,81,93,Fashion accessories,Cash,9
567,Female,54,Vasant Kunj,85,26,Food and beverages,Credit card,6.3
568,Female,55,Safdarjung Enclave,85,75,Sports and travel,Credit card,9.4
569,Female,56,Vasant Kunj,86,20,Fashion accessories,Cash,7.7
570,Male,57,Malviya Nagar,86,95,Fashion accessories,Credit card,5.5
571,Male,58,Safdarjung Enclave,87,27,Sports and travel,Ewallet,4.1
572,Male,59,Malviya Nagar,87,63,Home and lifestyle,Credit card,7.6
573,Female,60,Malviya Nagar,87,13,Sports and travel,Cash,8.6
574,Female,39,Vasant Kunj,87,75,Food and beverages,Ewallet,8.3
575,Male,38,Malviya Nagar,87,10,Food and beverages,Credit card,8.1
576,,37,Vasant Kunj,87,92,Sports and travel,Credit card,8.6
577,Male,36,Malviya Nagar,88,13,Fashion accessories,Ewallet,6.3
578,Male,35,Malviya Nagar,88,86,Food and beverages,Cash,5.8
579,Female,34,Safdarjung Enclave,88,15,Food and beverages,Ewallet,6.2
580,Female,33,Vasant Kunj,88,69,Health and beauty,Cash,7.7
581,Female,32,Malviya Nagar,93,14,Health and beauty,Ewallet,8.1
582,Male,31,Safdarjung Enclave,93,90,Food and beverages,Cash,7.3
583,Male,30,Vasant Kunj,97,32,Health and beauty,Cash,8.4
584,Female,61,Safdarjung Enclave,97,86,Fashion accessories,Credit card,8
585,Female,62,Malviya Nagar,98,15,Fashion accessories,Credit card,9.5
586,Male,63,Malviya Nagar,98,88,Sports and travel,Ewallet,7
587,Male,64,Vasant Kunj,99,39,Health and beauty,Credit card,9.8
588,Male,65,Vasant Kunj,99,97,Food and beverages,Cash,9.2
589,Female,66,Vasant Kunj,101,24,Sports and travel,Ewallet,7.7
590,Male,67,Safdarjung Enclave,101,68,Fashion accessories,Cash,5.3
591,Male,68,Vasant Kunj,103,17,Health and beauty,Cash,4.4
592,Male,69,Safdarjung Enclave,103,85,Health and beauty,Credit card,4.3
593,Female,70,Safdarjung Enclave,103,23,Home and lifestyle,Ewallet,9.4
594,Female,29,Vasant Kunj,60,69,Sports and travel,Cash,9.8
595,Female,28,Vasant Kunj,58,8,Sports and travel,Ewallet,4.8
596,Female,27,Malviya Nagar,113,91,Sports and travel,Cash,5.3
597,Male,26,Malviya Nagar,50,16,Health and beauty,Credit card,8.7
598,Male,25,Vasant Kunj,73,79,Food and beverages,Credit card,9.5
599,Male,24,Safdarjung Enclave,30,28,Sports and travel,Ewallet,5.3
600,Male,23,Safdarjung Enclave,24,74,Fashion accessories,Cash,9.2
601,Female,22,Vasant Kunj,25,18,Home and lifestyle,Ewallet,9.6
602,Male,21,Safdarjung Enclave,15,83,Electronic accessories,Ewallet,6.4
603,Female,20,Safdarjung Enclave,15,76,Fashion accessories,Credit card,4.5
604,Female,19,Safdarjung Enclave,13,39,Food and beverages,Ewallet,6.9
605,Female,18,Malviya Nagar,14,81,Sports and travel,Ewallet,7.8
606,Male,71,Safdarjung Enclave,14,6,Fashion accessories,Cash,4.5
607,Female,66,Malviya Nagar,15,77,Home and lifestyle,Cash,8.6
608,Male,65,Vasant Kunj,17,40,Fashion accessories,Ewallet,5.2
609,Female,64,Safdarjung Enclave,14,76,Food and beverages,Credit card,6.4
610,Male,63,Vasant Kunj,18,70,Fashion accessories,Ewallet,5.2
611,Female,62,Malviya Nagar,16,94,Food and beverages,Ewallet,8.9
612,Female,61,Vasant Kunj,19,3,Electronic accessories,Credit card,6.2
613,Male,60,Safdarjung Enclave,19,72,Food and beverages,Cash,6.7
614,Female,31,Malviya Nagar,19,14,Fashion accessories,Cash,7.2
615,Male,32,Safdarjung Enclave,19,90,Sports and travel,Credit card,9
616,Male,33,Vasant Kunj,20,15,Food and beverages,Ewallet,4.2
617,Male,34,Vasant Kunj,20,77,Sports and travel,Ewallet,4.2
618,Male,35,Malviya Nagar,20,13,Sports and travel,Cash,6.9
619,Female,36,Safdarjung Enclave,13,79,Electronic accessories,Ewallet,4.4
620,Female,37,Vasant Kunj,21,35,Food and beverages,Credit card,4
621,Female,38,Safdarjung Enclave,15,66,Fashion accessories,Ewallet,8.5
622,Female,39,Vasant Kunj,23,29,Food and beverages,Credit card,9.2
623,Female,40,Vasant Kunj,23,98,Food and beverages,Cash,9.8
624,Female,59,Malviya Nagar,24,35,Home and lifestyle,Credit card,4.9
625,Female,58,Malviya Nagar,24,73,Fashion accessories,Credit card,4.4
626,Female,57,Malviya Nagar,25,5,Fashion accessories,Cash,6.8
627,Male,56,Malviya Nagar,25,73,Food and beverages,Cash,9.1
628,Male,55,Vasant Kunj,28,14,Sports and travel,Ewallet,8.7
629,Male,54,Malviya Nagar,28,82,Health and beauty,Cash,5
630,Male,53,Vasant Kunj,28,32,Home and lifestyle,Ewallet,7.5
631,Female,52,Vasant Kunj,28,61,Fashion accessories,Credit card,8.2
632,Female,51,Vasant Kunj,29,31,Sports and travel,Credit card,6.7
633,Female,50,Vasant Kunj,16,87,Electronic accessories,Ewallet,5.4
634,Male,41,Vasant Kunj,30,4,Food and beverages,Credit card,7
635,Female,42,Malviya Nagar,16,73,Home and lifestyle,Ewallet,4.7
636,Female,43,Malviya Nagar,33,4,Food and beverages,Credit card,5
637,Male,44,Malviya Nagar,10,92,Health and beauty,Credit card,5
638,Male,45,Vasant Kunj,33,14,Health and beauty,Credit card,6
639,Female,46,Safdarjung Enclave,15,81,Electronic accessories,Cash,6.3
640,Female,47,Malviya Nagar,34,17,Food and beverages,Cash,8.5
641,Female,48,Malviya Nagar,34,73,Fashion accessories,Ewallet,7.5
642,Male,49,Malviya Nagar,37,26,Food and beverages,Ewallet,6.4
643,Female,50,Safdarjung Enclave,13,75,Electronic accessories,Ewallet,4.7
644,Female,49,Malviya Nagar,38,35,Electronic accessories,Ewallet,6
645,Female,48,Safdarjung Enclave,23,92,Food and beverages,Credit card,4
646,Male,47,Safdarjung Enclave,39,36,Electronic accessories,Ewallet,5.5
647,Male,46,Vasant Kunj,39,61,Home and lifestyle,Ewallet,8.7
648,Female,45,Safdarjung Enclave,39,28,Health and beauty,Cash,7.4
649,Male,44,Malviya Nagar,39,65,Fashion accessories,Cash,5.6
650,Female,43,Safdarjung Enclave,40,55,Sports and travel,Cash,6.3
651,Female,42,Safdarjung Enclave,40,47,Electronic accessories,Cash,7.1
652,Male,41,Malviya Nagar,40,42,Electronic accessories,Ewallet,7.8
653,Female,40,Malviya Nagar,40,42,Health and beauty,Cash,9.9
654,Male,51,Vasant Kunj,42,52,Home and lifestyle,Cash,7.3
655,Female,52,Malviya Nagar,42,60,Sports and travel,Ewallet,5.1
656,Male,53,Malviya Nagar,43,54,Fashion accessories,Credit card,9.4
657,Female,54,Vasant Kunj,43,60,Electronic accessories,Credit card,5.8
658,Male,55,Safdarjung Enclave,43,45,Electronic accessories,Credit card,8
659,Female,56,Vasant Kunj,43,41,Fashion accessories,Ewallet,7.9
660,Male,57,Vasant Kunj,44,50,Sports and travel,Cash,5.9
661,Female,58,Vasant Kunj,44,46,Fashion accessories,Credit card,4.9
662,Female,59,Malviya Nagar,46,51,Sports and travel,Cash,9.3
663,Female,60,Safdarjung Enclave,46,46,Sports and travel,Credit card,7.9
664,Female,39,Malviya Nagar,46,56,Fashion accessories,Credit card,5.9
665,Male,38,Safdarjung Enclave,14,55,Food and beverages,Credit card,9.9
666,Male,37,Safdarjung Enclave,47,52,Sports and travel,Cash,7.7
667,Female,36,Vasant Kunj,47,59,Fashion accessories,Ewallet,7.6
668,Female,35,Malviya Nagar,48,51,Food and beverages,Ewallet,7.7
669,Female,34,Malviya Nagar,12,59,Health and beauty,Ewallet,6.4
670,Male,33,Safdarjung Enclave,48,50,Health and beauty,Ewallet,4.4
671,Female,32,Malviya Nagar,48,48,Sports and travel,Credit card,4.1
672,Female,31,Vasant Kunj,13,59,Fashion accessories,Ewallet,4.4
673,Male,30,Malviya Nagar,48,47,Food and beverages,Cash,5.5
674,Male,61,Malviya Nagar,49,55,Health and beauty,Ewallet,4
675,Female,62,Safdarjung Enclave,49,42,Health and beauty,Credit card,9.3
676,Female,63,Vasant Kunj,50,49,Electronic accessories,Credit card,4.8
677,Male,64,Malviya Nagar,50,56,Fashion accessories,Cash,4.6
678,Female,65,Malviya Nagar,54,47,Sports and travel,Credit card,7.3
679,Male,66,Vasant Kunj,39,54,Food and beverages,Cash,6
680,Female,67,Safdarjung Enclave,54,53,Health and beauty,Ewallet,8.1
681,Male,68,Vasant Kunj,54,48,Food and beverages,Ewallet,9.4
682,Female,69,Malviya Nagar,17,52,Electronic accessories,Cash,6.5
683,Male,70,Malviya Nagar,54,42,Sports and travel,Credit card,7
684,Male,29,Safdarjung Enclave,54,51,Fashion accessories,Ewallet,7.1
685,Female,28,Vasant Kunj,54,55,Fashion accessories,Ewallet,6.6
686,Female,27,Malviya Nagar,54,41,Sports and travel,Ewallet,4.9
687,Male,26,Malviya Nagar,54,44,Home and lifestyle,Credit card,6.4
688,Female,25,Malviya Nagar,17,57,Sports and travel,Credit card,8
689,Male,24,Vasant Kunj,25,46,Home and lifestyle,Cash,4.3
690,Female,23,Safdarjung Enclave,26,58,Sports and travel,Cash,6.1
691,Female,22,Vasant Kunj,22,55,Food and beverages,Cash,7.5
692,Female,21,Safdarjung Enclave,17,60,Sports and travel,Cash,6.7
693,Female,20,Safdarjung Enclave,16,46,Food and beverages,Ewallet,5.2
694,Female,19,Vasant Kunj,18,55,Health and beauty,Cash,8.8
695,Male,18,Safdarjung Enclave,9,41,Fashion accessories,Cash,9.5
696,Female,71,Safdarjung Enclave,60,49,Food and beverages,Cash,7.6
697,Female,66,Vasant Kunj,60,40,Home and lifestyle,Cash,6.6
698,Male,65,Vasant Kunj,60,42,Sports and travel,Ewallet,6.9
699,Female,64,Malviya Nagar,26,52,Home and lifestyle,Ewallet,4.3
700,Male,63,Vasant Kunj,60,47,Electronic accessories,Credit card,7.8
701,Female,62,Safdarjung Enclave,60,50,Home and lifestyle,Ewallet,8
702,Female,61,Safdarjung Enclave,61,42,Fashion accessories,Ewallet,9.6
703,Female,60,Malviya Nagar,12,49,Food and beverages,Credit card,4.3
704,Male,31,Malviya Nagar,15,41,Fashion accessories,Credit card,5
705,Female,32,Malviya Nagar,62,48,Health and beauty,Cash,9.2
706,Male,33,Malviya Nagar,62,59,Home and lifestyle,Cash,6.3
707,Female,34,Malviya Nagar,38,55,Health and beauty,Cash,8.9
708,Male,35,Malviya Nagar,62,56,Electronic accessories,Ewallet,7.6
709,Female,36,Safdarjung Enclave,15,42,Food and beverages,Cash,4.8
710,Female,37,Safdarjung Enclave,63,50,Fashion accessories,Ewallet,9.1
711,Female,38,Vasant Kunj,63,46,Sports and travel,Ewallet,6.1
712,Female,39,Vasant Kunj,63,43,Food and beverages,Cash,9.1
713,Female,40,Safdarjung Enclave,63,48,Home and lifestyle,Ewallet,8.3
714,Male,59,Safdarjung Enclave,63,52,Electronic accessories,Ewallet,7.2
715,Female,58,Safdarjung Enclave,12,54,Health and beauty,Ewallet,6
716,Female,57,Safdarjung Enclave,64,42,Fashion accessories,Ewallet,8.5
717,Female,56,Vasant Kunj,15,46,Health and beauty,Credit card,6.6
718,Male,55,Vasant Kunj,10,48,Fashion accessories,Ewallet,4.5
719,Female,54,Vasant Kunj,11,50,Electronic accessories,Credit card,8.1
720,Female,53,Vasant Kunj,65,43,Fashion accessories,Credit card,7.2
721,Female,52,Malviya Nagar,65,59,Fashion accessories,Credit card,6.1
722,Male,51,Malviya Nagar,67,43,Fashion accessories,Cash,7.1
723,Female,50,Safdarjung Enclave,67,57,Sports and travel,Cash,5.1
724,Female,41,Malviya Nagar,67,56,Home and lifestyle,Credit card,7.9
725,Female,42,Safdarjung Enclave,67,40,Food and beverages,Cash,7.4
726,Male,43,Malviya Nagar,69,58,Food and beverages,Ewallet,7.4
727,Male,44,Safdarjung Enclave,69,91,Health and beauty,Cash,6.6
728,Female,45,Safdarjung Enclave,17,29,Home and lifestyle,Credit card,5.9
729,Female,46,Malviya Nagar,70,77,Sports and travel,Credit card,8.9
730,Male,47,Safdarjung Enclave,71,35,Fashion accessories,Ewallet,6.8
731,Female,48,Malviya Nagar,71,95,Home and lifestyle,Cash,9.3
732,Male,49,Vasant Kunj,71,11,Fashion accessories,Credit card,4.4
733,Male,50,Vasant Kunj,71,75,Health and beauty,Ewallet,4.8
734,Male,49,Vasant Kunj,71,9,Fashion accessories,Ewallet,9.5
734,Male,63,Malviya Nagar,16,73,Electronic accessories,Ewallet,8.9
735,Male,48,Malviya Nagar,71,75,Food and beverages,Ewallet,6.4
736,Male,47,Safdarjung Enclave,32,34,Health and beauty,Credit card,6
737,Male,46,Safdarjung Enclave,72,71,Home and lifestyle,Credit card,8.1
738,Male,45,Safdarjung Enclave,15,5,Electronic accessories,Ewallet,9
739,Male,44,Malviya Nagar,73,88,Electronic accessories,Ewallet,6
740,Female,43,Vasant Kunj,73,7,Home and lifestyle,Cash,9.8
741,Female,42,Safdarjung Enclave,73,73,Home and lifestyle,Cash,8.5
742,Male,41,Safdarjung Enclave,12,10,Food and beverages,Ewallet,8.8
743,Male,40,Vasant Kunj,74,72,Sports and travel,Ewallet,8.8
744,Male,51,Vasant Kunj,75,5,Home and lifestyle,Ewallet,9.5
745,Female,52,Safdarjung Enclave,75,93,Sports and travel,Credit card,5.6
746,Female,53,Safdarjung Enclave,76,40,Food and beverages,Cash,8.6
747,Female,54,Malviya Nagar,76,87,Fashion accessories,Credit card,5.2
748,Male,55,Safdarjung Enclave,25,12,Home and lifestyle,Credit card,5.8
749,Female,56,Malviya Nagar,77,97,Home and lifestyle,Credit card,8
750,Female,57,Safdarjung Enclave,77,36,Health and beauty,Cash,9
751,Male,58,Malviya Nagar,77,74,Fashion accessories,Ewallet,4.1
752,Female,59,Vasant Kunj,78,22,Food and beverages,Credit card,8.6
753,Female,60,Vasant Kunj,78,90,Electronic accessories,Ewallet,7
754,Male,39,Malviya Nagar,78,17,Home and lifestyle,Ewallet,8.4
755,Female,38,Safdarjung Enclave,78,88,Fashion accessories,Ewallet,7.4
756,Female,37,Vasant Kunj,78,20,Fashion accessories,Credit card,6.2
757,Male,36,Malviya Nagar,78,76,Electronic accessories,Ewallet,4.9
758,Female,35,Vasant Kunj,78,16,Home and lifestyle,Cash,4.5
759,Female,34,Vasant Kunj,78,89,Food and beverages,Ewallet,5.6
760,Male,33,Vasant Kunj,78,1,Food and beverages,Ewallet,8
761,Female,32,Malviya Nagar,78,78,Food and beverages,Credit card,5.6
762,Female,31,Malviya Nagar,78,40,Electronic accessories,Credit card,4.2
763,Female,30,Vasant Kunj,78,73,Fashion accessories,Ewallet,9.9
764,Male,61,Vasant Kunj,79,35,Health and beauty,Ewallet,7.6
765,Female,62,Vasant Kunj,79,83,Health and beauty,Credit card,6.6
766,Female,63,Malviya Nagar,14,5,Home and lifestyle,Ewallet,4.7
767,Female,64,Safdarjung Enclave,81,93,Fashion accessories,Credit card,9.8
768,Female,65,Malviya Nagar,85,26,Sports and travel,Cash,6.3
769,Female,66,Malviya Nagar,85,75,Electronic accessories,Cash,7.9
770,Female,67,Vasant Kunj,86,20,Home and lifestyle,Cash,7.7
771,Male,68,Malviya Nagar,86,95,Sports and travel,Ewallet,4.5
772,Male,69,Safdarjung Enclave,87,27,Health and beauty,Credit card,8
773,Female,70,Safdarjung Enclave,87,63,Sports and travel,Ewallet,5.7
774,Female,29,Safdarjung Enclave,87,13,Food and beverages,Credit card,6.3
775,Male,28,Safdarjung Enclave,87,75,Food and beverages,Cash,6
776,Female,27,Malviya Nagar,87,10,Food and beverages,Credit card,8
777,Male,26,Safdarjung Enclave,87,92,Health and beauty,Credit card,4.2
778,Female,25,Malviya Nagar,88,13,Sports and travel,Cash,9.6
779,Male,24,Safdarjung Enclave,21,86,Sports and travel,Cash,6.1
780,Female,23,Malviya Nagar,25,15,Electronic accessories,Ewallet,5.6
781,Male,22,Safdarjung Enclave,19,69,Health and beauty,Cash,8.3
782,Female,21,Vasant Kunj,18,14,Sports and travel,Ewallet,7.8
783,Male,20,Vasant Kunj,12,90,Fashion accessories,Credit card,4.1
784,Female,19,Safdarjung Enclave,16,32,Home and lifestyle,Cash,8.8
785,Female,18,Safdarjung Enclave,14,86,Health and beauty,Ewallet,4.1
786,Male,71,Vasant Kunj,98,15,Electronic accessories,Credit card,9
787,Female,69,Safdarjung Enclave,98,88,Electronic accessories,Ewallet,5.5
788,Male,70,Safdarjung Enclave,99,39,Health and beauty,Credit card,9.3
789,Female,29,Safdarjung Enclave,99,97,Health and beauty,Credit card,5.6
790,Male,28,Vasant Kunj,101,24,Sports and travel,Ewallet,9.7
791,Female,27,Vasant Kunj,101,68,Fashion accessories,Credit card,4
792,Male,57,Safdarjung Enclave,103,17,Health and beauty,Credit card,9.2
793,Female,25,Malviya Nagar,60,85,Home and lifestyle,Credit card,4.9
794,Female,44,Vasant Kunj,103,23,Electronic accessories,Credit card,9.3
795,Female,31,Vasant Kunj,60,69,Electronic accessories,Credit card,6.6
796,Male,22,Malviya Nagar,20,8,Fashion accessories,Ewallet,4.3
797,Male,21,Safdarjung Enclave,20,91,Home and lifestyle,Cash,5.5
798,Female,26,Vasant Kunj,63,16,Sports and travel,Cash,8.1
799,Female,19,Malviya Nagar,12,79,Health and beauty,Credit card,9.8
800,Female,46,Safdarjung Enclave,126,28,Home and lifestyle,Credit card,8.9
